Workbook

Sheet Tabelle1
A2: PURIS Standards mergen
A4: hier sind die aktuellen Tabellen des Kapitel 5 enthalten.
A7: Ersteller: PURIS EG (responsible: Mathias, Frank, Tom)
A8: Stand: 20251016

Sheet 5.2.2.1
B2: Table 21: Single sourcing with one demand category and daily ordering
B5: Customer Information | C5: Day 1 | D5: Day 2 | E5: Day 3 | F5: Day 4
B6: Consumption in Production | C6: 80 | D6: 80 | E6: 100 | F6: 100 | I6: 1
B7: Call-Off/order amount | C7: 80 | D7: 80 | E7: 100 | F7: 100
B8: Demand category = Series/Default | C8: =C6*'5.2.2.2'!$I$20 -> 80 | D8: =D6*'5.2.2.2'!$I$20 -> 80 | E8: =E6*'5.2.2.2'!$I$20 -> 100 | F8: =F6*'5.2.2.2'!$I$20 -> 100
B9: End of day Item Stock | C9: =C7-C6 -> 0 | D9: =D7-D6 -> 0 | E9: =E7-E6 -> 0 | F9: =F7-F6 -> 0
C11: Transferable Short-Term Material Demand Information
B16: Table 22: Single sourcing with one demand category and non-daily ordering
B19: Customer information | C19: Day 1 | D19: Day 2 | E19: Day 3 | F19: Day 4
B20: Consumption in production | C20: 80 | D20: 80 | E20: 100 | F20: 100 | I20: 1
B21: Call-Off/order amount | C21: 360 | D21: 0 | E21: 0 | F21: 0
B22: Demand category = Series/Default | C22: =C20*'5.2.2.2'!$I$20 -> 80 | D22: =D20*'5.2.2.2'!$I$20 -> 80 | E22: =E20*'5.2.2.2'!$I$20 -> 100 | F22: =F20*'5.2.2.2'!$I$20 -> 100
B23: End of day item stock | C23: =C21-C20 -> 280 | D23: =C23+D21-D20 -> 200 | E23: =D23+E21-E20 -> 100 | F23: =E23+F21-F20 -> 0
C25: Transferable Short-Term Material Demand Information

Sheet 5.2.2.2
B2: Table 23: Single sourcing with multiple demand categories to signal stock building
B5: Customer information | C5: Day 1 | D5: Day 2 | E5: Day 3 | F5: Day 4
B6: Consumption in production | C6: 80 | D6: 80 | E6: 100 | F6: 100 | I6: 1
B7: Call-Off/order amount | C7: 80 | D7: 200 | E7: 100 | F7: 100
B8: Demand category = Series/Default | C8: =C6*$I$20 -> 80 | D8: =D6*$I$20 -> 80 | E8: =E6*$I$20 -> 100 | F8: =F6*$I$20 -> 100
B9: Demand category = Extraordinary demand | C9: =C7-C8 -> 0 | D9: =D7-D8 -> 120 | E9: =E7-E8 -> 0 | F9: =F7-F8 -> 0
B10: End of day item stock | C10: =C8+C9-C6 -> 0 | D10: =C10+D8+D9-D6 -> 120 | E10: =D10+E8+E9-E6 -> 120 | F10: =E10+F8+F9-F6 -> 120
C12: Transferable Short-Term Material Demand Information
B16: Table 24: Single sourcing with multiple demand categories to distinguish quantities for logistical optimizations
B19: Customer information | C19: Day 1 | D19: Day 2 | E19: Day 3 | F19: Day 4
B20: Consumption in production | C20: 80 | D20: 80 | E20: 100 | F20: 100 | I20: 1
B21: Call-Off/order amount | C21: 90 | D21: 75 | E21: 105 | F21: 105
B22: Demand category = Series/Default | C22: =C20*$I$20 -> 80 | D22: 80 | E22: =E20*$I$20 -> 100 | F22: =F20*$I$20 -> 100
B23: Demand category = Extraordinary demand | C23: =C21-C22 -> 10 | D23: 0 | E23: =E21-E22 -> 5 | F23: =F21-F22 -> 5
B24: End of day item stock | C24: =C21-C20 -> 10 | D24: =C24+D21-D20 -> 5 | E24: =D24+E21-E20 -> 10 | F24: =E24+F21-F20 -> 15
C26: Transferable Short-Term Material Demand Information

Sheet 5.2.2.3
B2: Table 25: Multi-sourcing with multiple demand categories to signal stock building
B5: Customer information | D5: Day 1 | E5: Day 2 | F5: Day 3 | G5: Day 4
B6: Consumption in production | D6: 80 | E6: 80 | F6: 100 | G6: 100 | J6: 0.6
B7: To supplier #1 (60%) | C7: Call-Off/order amount | D7: 60 | E7: 60 | F7: 60 | G7: 60 | J7: 0.4
C8: Demand category = Series/Default | D8: =D6*$J$6 -> 48 | E8: =E6*$J$6 -> 48 | F8: =F6*$J$6 -> 60 | G8: =G6*$J$6 -> 60
C9: Demand category = Extraordinary demand | D9: =D7-D8 -> 12 | E9: =E7-E8 -> 12 | F9: =F7-F8 -> 0 | G9: =G7-G8 -> 0
B10: To supplier #2 (40%) | C10: Call-Off/order amount | D10: 40 | E10: 40 | F10: 40 | G10: 40
C11: Demand category = Series/Default | D11: =D6*$J$7 -> 32 | E11: =E6*$J$7 -> 32 | F11: =F6*$J$7 -> 40 | G11: =G6*$J$7 -> 40
C12: Demand category = Extraordinary demand | D12: =D10-D11 -> 8 | E12: =E10-E11 -> 8 | F12: =F10-F11 -> 0 | G12: =G10-G11 -> 0
B13: End of day item stock | D13: =D8+D9+D11+D12-D6 -> 20 | E13: =D13+E8+E9+E11+E12-E6 -> 40 | F13: =E13+F8+F9+F11+F12-F6 -> 40 | G13: =F13+G8+G9+G11+G12-G6 -> 40
D15: Transferable Short-Term Material Demand Information

Sheet 5.4.2.2
B2: Table 31: Single source example
B5: Normal consumption customer | C5: 1000 | F5: 1 | H5: Shortage situation delivery quantity remained below plan
B6: Production output supplier | C6: 1200 | F6: 1 | H6: Transferable information from item stock per day
B7: Situation | C7: Sup prod 100% | D7: Sup prod 100% | E7: Sup prod 100% | F7: Sup prod 100% | G7: Sup prod 100% | H7: Shortage Sup prod 0% | J7: Sup prod 100% | L7: Sup prod 100%
C8: Day 0 | D8: Day 1 | E8: Day 2 | F8: Day 3 | G8: Day 4 | H8: Day 5 - Plan | I8: Day 5 - Is | J8: Day 6 - Plan | K8: Day 6 - Is | L8: Day 7 - Plan | M8: Day 7 - Is
B9: Call-off | D9: 1200 | E9: 1000 | F9: 1200 | G9: 1000 | H9: 1200 | I9: 1200 | J9: 1000 | K9: 1000 | L9: 1200 | M9: 1200
B10: Delivery | D10: 1200 | E10: 1000 | F10: 1200 | G10: 1000 | H10: 1200 | I10: 1200 | J10: 1000 | K10: 400 | L10: 1200 | M10: 1200
B11: Consumption | D11: 1000 | E11: 1000 | F11: 1000 | G11: 1000 | H11: 1000 | I11: 1000 | J11: 1000 | K11: 1000 | L11: 1000 | M11: 1000
B12: Item stock | C12: 0 | D12: =C12+D10-D11 -> 200 | E12: =D12+E10-E11 -> 200 | F12: =E12+F10-F11 -> 400 | G12: =F12+G10-G11 -> 400 | H12: =G12+H10-H11 -> 600 | I12: =G12+I10-I11 -> 600 | J12: =H12+J10-J11 -> 600 | K12: =J12+K10-K11 -> 0 | L12: =J12+L10-L11 -> 800 | M12: =K12+M10-M11 -> 200
B13: Supplier
B14: Production output | C14: 1200 | D14: 1200 | E14: 1200 | F14: 1200 | G14: 1200 | H14: 1200 | I14: 0 | J14: 1200 | K14: 1200 | L14: 1200 | M14: 1200
B15: Item stock | C15: 0 | D15: =C15+C14-D10 -> 0 | E15: =D15+D14-E10 -> 200 | F15: =E15+E14-F10 -> 200 | G15: =F15+F14-G10 -> 400 | H15: =G15+G14-H10 -> 400 | I15: =H15+H14-I10 -> 400 | J15: =H15+H14-J10 -> 600 | K15: =I15+I14-K10 -> 0 | L15: =J15+J14-L10 -> 600 | M15: =K15+K14-M10 -> 0

Sheet 5.4.3.2
B2: Table 33: Multi-source customer example
B5: Normal consumption | C5: 1000 | G5: 1 | K5: Manual intervention to increase delivery quantity
B6: Quote supplier A | C6: 600 | G6: 0.6 | K6: Shortage situation delivery quantity remained below plan
B7: Quote supplier B | C7: 400 | G7: 0.4 | K7: Transferable information from item stock per day
B8: Situation | G8: Shortage supplier B | I8: Shortage supplier B | M8: Shortage supplier A | O8: Shortage supplier A
C9: Day 1 | D9: Day 2 | E9: Day 3 | F9: Day 4 | G9: Day 5 - Plan | H9: Day 5 - Is | I9: Day 6 - Plan | J9: Day 6 - Is | K9: Day 7 - Plan | L9: Day 7 - Is | M9: Day 8 - Plan | N9: Day 8 - Is | O9: Day 9 - Plan | P9: Day 9 - Is | Q9: Day 10 | R9: Day 11
B10: Call off customer TOTAL | C10: 1200 | D10: 1000 | E10: 1200 | F10: 1000 | G10: 1200 | H10: 1200 | I10: 1000 | J10: 1000 | K10: 1200 | L10: 1200 | M10: 1000 | N10: 1000 | O10: 1200 | P10: 1200 | Q10: 1000 | R10: 1200
B11: Allocated call-off A | C11: =C10*$G$6 -> 720 | D11: =D10*$G$6 -> 600 | E11: =E10*$G$6 -> 720 | F11: =F10*$G$6 -> 600 | G11: =G10*$G$6 -> 720 | H11: 1100 | I11: =I10*$G$6 -> 600 | J11: =J10*$G$6 -> 600 | K11: =K10*$G$6 -> 720 | L11: =L10*$G$6 -> 720 | M11: =M10*$G$6 -> 600 | N11: =N10*$G$6 -> 600 | O11: =O10*$G$6 -> 720 | P11: =P10*$G$6 -> 720 | ... R11: =R10*$G$6 -> 720
B12: Allocated call-off B | C12: =C10*$G$7 -> 480 | D12: =D10*$G$7 -> 400 | E12: =E10*$G$7 -> 480 | F12: =F10*$G$7 -> 400 | G12: =G10*$G$7 -> 480 | H12: 480 | I12: =I10*$G$7 -> 400 | J12: =J10*$G$7 -> 400 | K12: =K10*$G$7 -> 480 | L12: =L10*$G$7 -> 480 | M12: =M10*$G$7 -> 400 | N12: =N10*$G$7 -> 400 | O12: =O10*$G$7 -> 480 | P12: =P10*$G$7 -> 480 | ... R12: =R10*$G$7 -> 480
B13: Delivery A | C13: =C10*$G$6 -> 720 | D13: =D10*$G$6 -> 600 | E13: =E10*$G$6 -> 720 | F13: =F10*$G$6 -> 600 | G13: =G10*$G$6 -> 720 | H13: 1100 | I13: =I10*$G$6 -> 600 | J13: =J10*$G$6 -> 600 | K13: =K10*$G$6 -> 720 | L13: =L10*$G$6 -> 720 | M13: =M10*$G$6 -> 600 | N13: 200 | O13: =O10*$G$6 -> 720 | P13: 220 | Q13: =Q10*$G$6 -> 600 | R13: =R10*$G$6 -> 720
B14: Delivery B | C14: =C10*$G$7 -> 480 | D14: =D10*$G$7 -> 400 | E14: =E10*$G$7 -> 480 | F14: =F10*$G$7 -> 400 | G14: =G10*$G$7 -> 480 | H14: 100 | I14: =I10*$G$7 -> 400 | J14: 0 | K14: =K10*$G$7 -> 480 | L14: =L10*$G$7 -> 480 | M14: =M10*$G$7 -> 400 | N14: =N10*$G$7 -> 400 | O14: =O10*$G$7 -> 480 | P14: 780 | Q14: =Q10*$G$7 -> 400 | R14: =R10*$G$7 -> 480
B15: Consumption customer TOTAL | C15: =C16+C17 -> 1000 | D15: =D16+D17 -> 1000 | E15: =E16+E17 -> 1000 | F15: =F16+F17 -> 1000 | G15: =G16+G17 -> 1000 | H15: =H16+H17 -> 1000 | I15: =I16+I17 -> 1000 | J15: =J16+J17 -> 1000 | ... R15: =R16+R17 -> 1000
B16: Allocated consumption A | C16: 600 | D16: 600 | E16: 600 | F16: 600 | G16: 600 | H16: 740 | I16: 600 | J16: 1000 | K16: 600 | L16: 600 | M16: 600 | N16: 520 | O16: 600 | P16: 220 | Q16: 600 | R16: 600
B17: Allocated consumption B | C17: 400 | D17: 400 | E17: 400 | F17: 400 | G17: 400 | H17: 260 | I17: 400 | J17: 0 | K17: 400 | L17: 400 | M17: 400 | N17: 480 | O17: 400 | P17: 780 | Q17: 400 | R17: 400
B18: Item stock customer TOTAL | C18: =C19+C20 -> 200 | D18: =D19+D20 -> 200 | E18: =E19+E20 -> 400 | F18: =F19+F20 -> 400 | G18: =G19+G20 -> 600 | H18: =H19+H20 -> 600 | I18: =I19+I20 -> 600 | J18: =J19+J20 -> 200 | ... R18: =R19+R20 -> 200
B19: Item stock A | C19: 120 | D19: =C19+D13-D16 -> 120 | E19: =D19+E13-E16 -> 240 | F19: =E19+F13-F16 -> 240 | G19: =F19+G13-G16 -> 360 | H19: =F19+H13-H16 -> 600 | I19: =H19+I13-I16 -> 600 | J19: =H19+J13-J16 -> 200 | K19: =J19+K13-K16 -> 320 | L19: =J19+L13-L16 -> 320 | M19: =L19+M13-M16 -> 320 | N19: =L19+N13-N16 -> 0 | O19: =N19+O13-O16 -> 120 | P19: =N19+P13-P16 -> 0 | Q19: =P19+Q13-Q16 -> 0 | R19: =Q19+R13-R16 -> 120
B20: Item stock B | C20: 80 | D20: =C20+D14-D17 -> 80 | E20: =D20+E14-E17 -> 160 | F20: =E20+F14-F17 -> 160 | G20: =F20+G14-G17 -> 240 | H20: =F20+H14-H17 -> 0 | I20: =H20+I14-I17 -> 0 | J20: =H20+J14-J17 -> 0 | K20: =J20+K14-K17 -> 80 | L20: =J20+L14-L17 -> 80 | M20: =L20+M14-M17 -> 80 | N20: =L20+N14-N17 -> 0 | O20: =N20+O14-O17 -> 80 | P20: =N20+P14-P17 -> 0 | Q20: =P20+Q14-Q17 -> 0 | R20: =Q20+R14-R17 -> 80

Sheet 5.4.4.2
B2: Table 35: Single supplier to multi customer example
B5: Consumption consumer A | C5: 1000 | E5: =E7/C7*C5 -> 0.33333333
B6: Consumption consumer B | C6: 1000 | E6: =E7/C7*C6 -> 0.33333333
B7: Production output supplier | C7: 3000 | E7: 1 | G7: Transferable information from item stock per day
B8: Situation | C8: Prod Sup 100% | D8: Prod Sup 100% | E8: Prod Sup 100% | F8: Prod Sup 100% | G8: Shortage Sup prod 0% | I8: Shortage Sup prod 0% | K8: Sup prod 100%
C9: Day 1 | D9: Day 2 | E9: Day 3 | F9: Day 4 | G9: Day 5 - Plan | H9: Day 5 - Is | I9: Day 6 - Plan | J9: Day 6 - Is | K9: Day 7 - Plan | L9: Day 7 - Is
B10: Call-off customer A | C10: 1000 | D10: 1000 | E10: 1000 | F10: 1000 | G10: 1000 | H10: 1000 | I10: 1000 | J10: 1000 | K10: 1000 | L10: 1000
B11: Call-off customer B | C11: 1000 | D11: 1000 | E11: 1000 | F11: 1000 | G11: 1000 | H11: 1000 | I11: 1000 | J11: 1000 | K11: 1000 | L11: 1000
B12: Delivery to customer A | C12: 1000 | D12: 1000 | E12: 1000 | F12: 1000 | G12: 1000 | H12: 1000 | I12: 1000 | J12: 1000 | K12: 1000 | L12: 1000
B13: Delivery to customer B | C13: 1000 | D13: 1000 | E13: 1000 | F13: 1000 | G13: 1000 | H13: 1000 | I13: 1000 | J13: 1000 | K13: 1000 | L13: 1000
B14: Item stock supplier site TOTAL | C14: =C15+C16 -> 1000 | D14: =D15+D16 -> 2000 | E14: =E15+E16 -> 3000 | F14: =F15+F16 -> 4000 | G14: =G15+G16 -> 5000 | H14: =H15+H16 -> 2000 | I14: =I15+I16 -> 3000 | J14: =J15+J16 -> 0 | ... L14: =L15+L16 -> 1000
B15: Item stock supplier site for customer A | C15: 500 | D15: 1000 | E15: 1500 | F15: 2000 | G15: 2500 | H15: 1000 | I15: 1500 | J15: 0 | K15: 500 | L15: 500
B16: Item stock supplier site for customer B | C16: 500 | D16: 1000 | E16: 1500 | F16: 2000 | G16: 2500 | H16: 1000 | I16: 1500 | J16: 0 | K16: 500 | L16: 500
